"p_val","avg_log2FC","pct.1","pct.2","p_val_adj","cluster","gene"
0,1.07335655420134,0.996,0.883,0,"0","Cstb"
0,1.25638542481496,0.996,0.906,0,"0","Gpnmb"
0,1.34467950829703,1,0.94,0,"0","Lgals3"
0,1.52245915832753,0.999,0.942,0,"0","Fabp5"
1.01880988430169e-232,2.00760348534861,0.56,0.201,1.81939069138595e-228,"0","Plpp3"
1.12499177648049e-230,1.08128325585872,0.988,0.888,2.00901031443887e-226,"0","Txn1"
1.55254769597217e-224,1.40605872251723,0.8,0.446,2.7725396754671e-220,"0","Cd36"
3.11921988071991e-219,1.74354169385434,0.732,0.384,5.57030286298962e-215,"0","Fabp4"
2.56849966900672e-207,2.00645532098217,0.51,0.176,4.5868267089122e-203,"0","F7"
4.61849992627948e-202,1.07594835168132,1,0.996,8.2477171683499e-198,"0","Spp1"
2.00281879488369e-28,1.21755226431652,0.354,0.27,3.5766338039033e-24,"1","Rapsn"
0,1.87476229619696,0.947,0.409,0,"2","Sparc"
0,1.83804385737909,0.596,0.129,0,"2","Siglech"
4.77101146363973e-272,1.15266556068524,0.967,0.575,8.52007227176783e-268,"2","Cd81"
3.25077624563264e-266,1.39891723920185,0.842,0.332,5.80523621945077e-262,"2","Gpr34"
3.99661304819057e-248,1.35408782610162,0.746,0.26,7.13715158145873e-244,"2","Plxdc2"
1.44046927637276e-230,2.03254022929498,0.528,0.141,2.57239003374647e-226,"2","Lag3"
2.82337695053855e-226,1.34106401586093,0.906,0.506,5.04198655827174e-222,"2","Egr1"
1.04927486790016e-217,2.21497208557493,0.367,0.064,1.87379505909611e-213,"2","Sall1"
1.20290466855677e-215,1.03762555141226,0.698,0.235,2.14814715710868e-211,"2","Serpine2"
5.50960197178588e-207,1.47469790279371,0.702,0.275,9.83904720121522e-203,"2","P2ry12"
0,3.43585176467399,0.861,0.127,0,"3","Birc5"
0,3.96689596818394,0.789,0.089,0,"3","Ccnb2"
0,3.45920166626155,0.851,0.174,0,"3","Cenpa"
0,4.02728515071541,0.745,0.084,0,"3","Cenpf"
0,3.86005019300574,0.753,0.104,0,"3","Ube2c"
0,3.95302504144121,0.703,0.071,0,"3","Hmmr"
0,4.19612979204062,0.693,0.068,0,"3","Cdkn3"
0,3.16483806533285,0.733,0.111,0,"3","Cdca3"
0,4.51823375557083,0.624,0.05,0,"3","Cdc20"
0,3.97362168080869,0.588,0.068,0,"3","Ccnb1"
0,3.31370065460744,0.833,0.122,0,"4","Pclaf"
0,3.49764240613427,0.684,0.07,0,"4","Rrm2"
0,3.51447377335033,0.689,0.084,0,"4","Hist1h1b"
0,3.30702114662294,0.625,0.059,0,"4","Clspn"
1.07089053497053e-307,2.99676663983898,0.701,0.085,1.91239631735038e-303,"4","Tk1"
2.00069134409424e-290,3.33318671314261,0.551,0.052,3.57283460228349e-286,"4","Uhrf1"
3.21861440008291e-290,2.89154448811195,0.667,0.08,5.74780159566807e-286,"4","Asf1b"
1.13750419784033e-289,3.43867753205601,0.471,0.035,2.03135499650326e-285,"4","E2f8"
1.49226279195637e-289,2.61590692787479,0.841,0.138,2.66488289387569e-285,"4","Top2a"
5.19793345515225e-286,3.089211822385,0.667,0.083,9.28246956421089e-282,"4","Mcm5"
0,4.2948566160269,0.644,0.07,0,"5","Ccr2"
0,6.40907779540145,0.425,0.018,0,"5","Ifitm6"
0,6.21676684246677,0.396,0.015,0,"5","Klrd1"
0,7.4883070660364,0.354,0.006,0,"5","Cd209a"
6.38649961396791e-297,4.49909976573961,0.391,0.02,1.14050110106239e-292,"5","Ciita"
1.16218723156014e-279,5.01503594719246,0.42,0.027,2.0754339581201e-275,"5","Plac8"
9.35905836424997e-276,4.47437103985493,0.728,0.12,1.67134064268776e-271,"5","H2-Aa"
5.39467052087812e-262,4.48040765669951,0.686,0.109,9.63380261618414e-258,"5","H2-Eb1"
7.10554049146484e-253,4.05595339480552,0.686,0.114,1.26890742096579e-248,"5","Plbd1"
1.77914724487058e-232,5.43787764642778,0.356,0.024,3.17720114988989e-228,"5","Mcemp1"
0,3.70905153298434,0.96,0.119,0,"6","Pclaf"
0,3.82562113502851,0.966,0.135,0,"6","Top2a"
0,4.24738133561802,0.881,0.076,0,"6","Hist1h1b"
0,3.30749782656779,0.936,0.152,0,"6","Mki67"
0,3.29197586567982,0.886,0.152,0,"6","Cdk1"
0,3.32315781381557,0.817,0.091,0,"6","Prc1"
0,4.22381716749523,0.785,0.071,0,"6","Pbk"
0,4.00363904876012,0.796,0.083,0,"6","Tk1"
0,3.94293249822463,0.79,0.087,0,"6","Hist1h2ae"
0,4.00594297951107,0.761,0.069,0,"6","Rrm2"
7.02346822907076e-122,3.03273398036554,0.827,0.309,1.25425095634746e-117,"7","Apoc4"
4.65405552516269e-112,3.45542902454221,0.317,0.037,8.31121235683553e-108,"7","C4b"
5.96991887843603e-105,3.4253601939658,0.473,0.096,1.06610811331111e-100,"7","Lyz1"
4.67503271364483e-103,2.88789594763503,0.533,0.123,8.34867342002695e-99,"7","Colec12"
4.46784680828062e-102,1.80905862712433,0.907,0.38,7.97868083022754e-98,"7","Ctla2a"
2.33840729393703e-101,1.16983874870653,1,0.934,4.17592774551276e-97,"7","Timp2"
1.58342744400854e-79,1.33895690076902,0.967,0.689,2.82768472951045e-75,"7","Pmepa1"
2.16947267625409e-68,1.43190387644547,0.54,0.159,3.87424430525455e-64,"7","Mrc1"
1.12730055023765e-66,1.57383532226848,0.807,0.397,2.0131333226144e-62,"7","Plaat3"
6.3983969651365e-63,1.8482833126583,0.71,0.33,1.14262573003408e-58,"7","Folr2"
0,8.56262355050129,0.521,0.008,0,"8","Cd163"
2.95498831959159e-187,5.3274126085305,0.47,0.022,5.27701814112665e-183,"8","Mgl2"
6.35100017691923e-101,3.72510770796434,0.761,0.128,1.13416161159424e-96,"8","H2-Eb1"
8.23441270315282e-100,5.26237755565195,0.795,0.164,1.47050142052903e-95,"8","Mrc1"
1.8313735225103e-94,3.5627185503976,0.769,0.141,3.27046683649889e-90,"8","H2-Aa"
2.43214089083853e-76,3.43015112846377,0.795,0.193,4.34331720285945e-72,"8","H2-Ab1"
1.60328752388838e-74,3.56427695735333,0.846,0.241,2.86315086015987e-70,"8","Cd74"
1.65574347446779e-49,2.47380660593057,0.949,0.651,2.95682669670457e-45,"8","Ifitm3"
4.37956644927807e-49,4.58962324044907,0.325,0.044,7.82102976512078e-45,"8","C4b"
3.09397913937864e-47,4.50751812828271,0.359,0.056,5.52522794710238e-43,"8","Lifr"
0,4.25578764600841,0.901,0.036,0,"9","Plac8"
0,10.9472931489095,0.791,0.001,0,"9","Xcr1"
0,5.6130223387588,0.769,0.019,0,"9","Jaml"
0,8.09093138517592,0.736,0.007,0,"9","Ifi205"
0,7.00073226982961,0.725,0.007,0,"9","Itgae"
0,8.30103091945247,0.681,0.003,0,"9","Clec9a"
0,6.6196594091753,0.516,0.005,0,"9","Fcrla"
0,8.26394600136382,0.495,0.004,0,"9","Snx22"
0,7.79329145318802,0.451,0.002,0,"9","Gm43914"
0,10.8173571892863,0.33,0,0,"9","Gcsam"
0,11.519698150557,0.882,0.001,0,"10","Iglc3"
0,11.1190809130934,0.824,0.001,0,"10","Ly6d"
0,13.0751038320796,0.765,0,0,"10","Gm21762"
0,10.3250904794103,0.765,0.003,0,"10","Ccr9"
0,11.4302067269199,0.706,0.001,0,"10","Cd8b1"
0,11.0778051202995,0.706,0.001,0,"10","Mctp2"
0,10.0129776484037,0.706,0.002,0,"10","Atp1b1"
0,8.80090665620568,0.647,0.003,0,"10","Smim5"
0,7.63215435638789,0.647,0.003,0,"10","Cd7"
0,10.0953438748342,0.529,0.001,0,"10","Atp2a1"
